{
  "type": "FRAME",
  "clipsContent": true,
  "id": "1940:13901",
  "name": "figma-export-2",
  "children": [
    {
      "type": "RECTANGLE",
      "id": "1940:13905",
      "name": "Rectangle 17",
      "x": 226.289306640625,
      "y": 421,
      "height": 100,
      "width": 100,
      "rotation": 45,
      "transform": [
        [0.7071067690849304, 0.7071067690849304, 226.289306640625],
        [-0.7071067690849304, 0.7071067690849304, 421],
        [0, 0, 1]
      ],
      "blendMode": "PASS_THROUGH",
      "opacity": 1,
      "isMask": false,
      "effects": [],
      "bottomLeftRadius": 0,
      "bottomRightRadius": 0,
      "topLeftRadius": 0,
      "topRightRadius": 0,
      "fills": [
        {
          "type": "SOLID",
          "visible": true,
          "opacity": 1,
          "blendMode": "NORMAL",
          "color": {
            "r": 0.8509804010391235,
            "g": 0.8509804010391235,
            "b": 0.8509804010391235
          }
        }
      ]
    },
    {
      "type": "RECTANGLE",
      "id": "1940:13907",
      "name": "Rectangle 20",
      "x": 427,
      "y": 462,
      "height": 100,
      "width": 100,
      "rotation": 90,
      "transform": [
        [5.551115123125783e-17, 1, 427],
        [-1, 5.551115123125783e-17, 462],
        [0, 0, 1]
      ],
      "blendMode": "PASS_THROUGH",
      "opacity": 1,
      "isMask": false,
      "effects": [],
      "bottomLeftRadius": 0,
      "bottomRightRadius": 0,
      "topLeftRadius": 0,
      "topRightRadius": 0,
      "fills": [
        {
          "type": "SOLID",
          "visible": true,
          "opacity": 1,
          "blendMode": "NORMAL",
          "color": {
            "r": 0.8509804010391235,
            "g": 0.8509804010391235,
            "b": 0.8509804010391235
          }
        }
      ]
    },
    {
      "type": "RECTANGLE",
      "id": "1940:13908",
      "name": "Rectangle 21",
      "x": 68,
      "y": 462,
      "height": 100,
      "width": 100,
      "rotation": 90,
      "transform": [
        [5.551115123125783e-17, 1, 68],
        [-1, 5.551115123125783e-17, 462],
        [0, 0, 1]
      ],
      "blendMode": "PASS_THROUGH",
      "opacity": 1,
      "isMask": false,
      "effects": [],
      "bottomLeftRadius": 0,
      "bottomRightRadius": 0,
      "topLeftRadius": 0,
      "topRightRadius": 0,
      "fills": [
        {
          "type": "SOLID",
          "visible": true,
          "opacity": 1,
          "blendMode": "NORMAL",
          "color": {
            "r": 0.8509804010391235,
            "g": 0.8509804010391235,
            "b": 0.8509804010391235
          }
        }
      ]
    },
    {
      "type": "RECTANGLE",
      "id": "1940:13909",
      "name": "Rectangle 22",
      "x": 347,
      "y": 292,
      "height": 100,
      "width": 100,
      "rotation": 180,
      "transform": [
        [-1, 1.1674349386051622e-16, 347],
        [-1.1674349386051622e-16, -1, 292],
        [0, 0, 1]
      ],
      "blendMode": "PASS_THROUGH",
      "opacity": 1,
      "isMask": false,
      "effects": [],
      "bottomLeftRadius": 0,
      "bottomRightRadius": 0,
      "topLeftRadius": 0,
      "topRightRadius": 0,
      "fills": [
        {
          "type": "SOLID",
          "visible": true,
          "opacity": 1,
          "blendMode": "NORMAL",
          "color": {
            "r": 0.8509804010391235,
            "g": 0.8509804010391235,
            "b": 0.8509804010391235
          }
        }
      ]
    },
    {
      "type": "RECTANGLE",
      "id": "1940:13910",
      "name": "Rectangle 23",
      "x": 347,
      "y": 551,
      "height": 100,
      "width": 100,
      "rotation": -89.99999999999999,
      "transform": [
        [2.220446049250313e-16, -1, 347],
        [1, 2.220446049250313e-16, 551],
        [0, 0, 1]
      ],
      "blendMode": "PASS_THROUGH",
      "opacity": 1,
      "isMask": false,
      "effects": [],
      "bottomLeftRadius": 0,
      "bottomRightRadius": 0,
      "topLeftRadius": 0,
      "topRightRadius": 0,
      "fills": [
        {
          "type": "SOLID",
          "visible": true,
          "opacity": 1,
          "blendMode": "NORMAL",
          "color": {
            "r": 0.8509804010391235,
            "g": 0.8509804010391235,
            "b": 0.8509804010391235
          }
        }
      ]
    }
  ],
  "x": 0,
  "y": 0,
  "height": 842,
  "width": 595,
  "rotation": 0,
  "transform": [
    [1, 0, 0],
    [0, 1, 0],
    [0, 0, 1]
  ],
  "blendMode": "PASS_THROUGH",
  "opacity": 1,
  "isMask": false,
  "effects": [],
  "bottomLeftRadius": 0,
  "bottomRightRadius": 0,
  "topLeftRadius": 0,
  "topRightRadius": 0,
  "fills": [
    {
      "type": "SOLID",
      "visible": true,
      "opacity": 1,
      "blendMode": "NORMAL",
      "color": { "r": 1, "g": 0.6550521850585938, "b": 0.6550521850585938 }
    }
  ]
}
