{
  "type": "FRAME",
  "clipsContent": true,
  "id": "1733:13847",
  "name": "figma-export-2",
  "children": [
    {
      "type": "RECTANGLE",
      "id": "1733:13848",
      "name": "Rectangle 15",
      "x": 37.24732208251953,
      "y": 8.419411659240723,
      "height": 100,
      "width": 100,
      "rotation": -16.75496654944407,
      "transform": [
        [0.9575463533401489, -0.288279265165329, 37.24732208251953],
        [0.288279265165329, 0.9575463533401489, 8.419411659240723]
      ],
      "blendMode": "PASS_THROUGH",
      "opacity": 1,
      "isMask": false,
      "effects": [],
      "bottomLeftRadius": 0,
      "bottomRightRadius": 0,
      "topLeftRadius": 0,
      "topRightRadius": 0,
      "fills": [
        {
          "type": "SOLID",
          "visible": true,
          "opacity": 1,
          "blendMode": "NORMAL",
          "color": {
            "r": 0.8509804010391235,
            "g": 0.8509804010391235,
            "b": 0.8509804010391235
          }
        }
      ]
    },
    {
      "type": "RECTANGLE",
      "id": "1733:13849",
      "name": "Rectangle 18",
      "x": 372.8516845703125,
      "y": 28.674325942993164,
      "height": 100,
      "width": 100,
      "rotation": 8.52414219594969,
      "transform": [
        [0.9889534711837769, 0.14822612702846527, 372.8516845703125],
        [-0.14822612702846527, 0.9889534711837769, 28.674325942993164]
      ],
      "blendMode": "PASS_THROUGH",
      "opacity": 1,
      "isMask": false,
      "effects": [],
      "bottomLeftRadius": 0,
      "bottomRightRadius": 0,
      "topLeftRadius": 0,
      "topRightRadius": 0,
      "fills": [
        {
          "type": "SOLID",
          "visible": true,
          "opacity": 1,
          "blendMode": "NORMAL",
          "color": {
            "r": 0.8509804010391235,
            "g": 0.8509804010391235,
            "b": 0.8509804010391235
          }
        }
      ]
    },
    {
      "type": "RECTANGLE",
      "id": "1733:13850",
      "name": "Rectangle 19",
      "x": 12.260414123535156,
      "y": 469.5047607421875,
      "height": 100,
      "width": 100,
      "rotation": 79.24778045274279,
      "transform": [
        [0.18656209111213684, 0.9824431538581848, 12.260414123535156],
        [-0.9824431538581848, 0.18656209111213684, 469.5047607421875]
      ],
      "blendMode": "PASS_THROUGH",
      "opacity": 1,
      "isMask": false,
      "effects": [],
      "bottomLeftRadius": 0,
      "bottomRightRadius": 0,
      "topLeftRadius": 0,
      "topRightRadius": 0,
      "fills": [
        {
          "type": "SOLID",
          "visible": true,
          "opacity": 1,
          "blendMode": "NORMAL",
          "color": {
            "r": 0.8509804010391235,
            "g": 0.8509804010391235,
            "b": 0.8509804010391235
          }
        }
      ]
    },
    {
      "type": "RECTANGLE",
      "id": "1733:13851",
      "name": "Rectangle 17",
      "x": 319.2843322753906,
      "y": 264.13079833984375,
      "height": 100,
      "width": 100,
      "rotation": -146.52757339643017,
      "transform": [
        [-0.8341513276100159, -0.5515356063842773, 319.2843322753906],
        [0.5515356063842773, -0.8341513276100159, 264.13079833984375]
      ],
      "blendMode": "PASS_THROUGH",
      "opacity": 1,
      "isMask": false,
      "effects": [],
      "bottomLeftRadius": 0,
      "bottomRightRadius": 0,
      "topLeftRadius": 0,
      "topRightRadius": 0,
      "fills": [
        {
          "type": "SOLID",
          "visible": true,
          "opacity": 1,
          "blendMode": "NORMAL",
          "color": {
            "r": 0.8509804010391235,
            "g": 0.8509804010391235,
            "b": 0.8509804010391235
          }
        }
      ]
    },
    {
      "type": "RECTANGLE",
      "id": "1733:13852",
      "name": "Rectangle 16",
      "x": 417.4032287597656,
      "y": 360.0793151855469,
      "height": 100,
      "width": 100,
      "rotation": -34.97642187699591,
      "transform": [
        [0.8193879723548889, -0.573239266872406, 417.4032287597656],
        [0.573239266872406, 0.8193879723548889, 360.0793151855469]
      ],
      "blendMode": "PASS_THROUGH",
      "opacity": 1,
      "isMask": false,
      "effects": [],
      "bottomLeftRadius": 0,
      "bottomRightRadius": 0,
      "topLeftRadius": 0,
      "topRightRadius": 0,
      "fills": [
        {
          "type": "SOLID",
          "visible": true,
          "opacity": 1,
          "blendMode": "NORMAL",
          "color": {
            "r": 0.8509804010391235,
            "g": 0.8509804010391235,
            "b": 0.8509804010391235
          }
        }
      ]
    },
    {
      "type": "RECTANGLE",
      "id": "1733:13853",
      "name": "Rectangle 20",
      "x": 444.14788818359375,
      "y": 310.2808532714844,
      "height": 100,
      "width": 100,
      "rotation": 146.54172527595213,
      "transform": [
        [-0.8342875242233276, 0.5513295531272888, 444.14788818359375],
        [-0.5513295531272888, -0.8342875242233276, 310.2808532714844]
      ],
      "blendMode": "PASS_THROUGH",
      "opacity": 1,
      "isMask": false,
      "effects": [],
      "bottomLeftRadius": 0,
      "bottomRightRadius": 0,
      "topLeftRadius": 0,
      "topRightRadius": 0,
      "fills": [
        {
          "type": "SOLID",
          "visible": true,
          "opacity": 1,
          "blendMode": "NORMAL",
          "color": {
            "r": 0.8509804010391235,
            "g": 0.8509804010391235,
            "b": 0.8509804010391235
          }
        }
      ]
    },
    {
      "type": "RECTANGLE",
      "id": "1733:13854",
      "name": "Rectangle 21",
      "x": 94.50631713867188,
      "y": 307.6892395019531,
      "height": 100,
      "width": 100,
      "rotation": 154.41630265629416,
      "transform": [
        [-0.9019554257392883, 0.4318291246891022, 94.50631713867188],
        [-0.4318291246891022, -0.9019554257392883, 307.6892395019531]
      ],
      "blendMode": "PASS_THROUGH",
      "opacity": 1,
      "isMask": false,
      "effects": [],
      "bottomLeftRadius": 0,
      "bottomRightRadius": 0,
      "topLeftRadius": 0,
      "topRightRadius": 0,
      "fills": [
        {
          "type": "SOLID",
          "visible": true,
          "opacity": 1,
          "blendMode": "NORMAL",
          "color": {
            "r": 0.8509804010391235,
            "g": 0.8509804010391235,
            "b": 0.8509804010391235
          }
        }
      ]
    },
    {
      "type": "RECTANGLE",
      "id": "1733:13855",
      "name": "Rectangle 22",
      "x": 314.0230407714844,
      "y": 40.98251724243164,
      "height": 100,
      "width": 100,
      "rotation": -109.8802660106517,
      "transform": [
        [-0.3400556743144989, -0.9404053092002869, 314.0230407714844],
        [0.9404053092002869, -0.3400556743144989, 40.98251724243164]
      ],
      "blendMode": "PASS_THROUGH",
      "opacity": 1,
      "isMask": false,
      "effects": [],
      "bottomLeftRadius": 0,
      "bottomRightRadius": 0,
      "topLeftRadius": 0,
      "topRightRadius": 0,
      "fills": [
        {
          "type": "SOLID",
          "visible": true,
          "opacity": 1,
          "blendMode": "NORMAL",
          "color": {
            "r": 0.8509804010391235,
            "g": 0.8509804010391235,
            "b": 0.8509804010391235
          }
        }
      ]
    },
    {
      "type": "RECTANGLE",
      "id": "1733:13856",
      "name": "Rectangle 23",
      "x": 306.6453552246094,
      "y": 387.67620849609375,
      "height": 100,
      "width": 100,
      "rotation": -98.23398119611069,
      "transform": [
        [-0.14321592450141907, -0.989691436290741, 306.6453552246094],
        [0.989691436290741, -0.14321592450141907, 387.67620849609375]
      ],
      "blendMode": "PASS_THROUGH",
      "opacity": 1,
      "isMask": false,
      "effects": [],
      "bottomLeftRadius": 0,
      "bottomRightRadius": 0,